<metadata xml:lang="en"><Esri><CreaDate>20050121</CreaDate><CreaTime>10352200</CreaTime><SyncOnce>FALSE</SyncOnce><SyncDate>20180323</SyncDate><SyncTime>14134400</SyncTime><ModDate>20180323</ModDate><ModTime>14293100</ModTime><MetaID>{2400CE92-FD7F-41F6-B6FF-4CC57C1F3B89}</MetaID><DataProperties><itemProps><itemName Sync="TRUE">iowa_border</itemName><imsContentType Sync="TRUE" export="False">002</imsContentType><itemSize Sync="TRUE">0.202</itemSize><itemLocation><linkage Sync="TRUE">file://\\IIHR-IGS11\D$\Library\border\iowa_border.shp</linkage><protocol Sync="TRUE">Local Area Network</protocol></itemLocation><nativeExtBox><westBL Sync="TRUE">202073.808700</westBL><eastBL Sync="TRUE">736849.210400</eastBL><southBL Sync="TRUE">4470598.397200</southBL><northBL Sync="TRUE">4822673.786500</northBL><exTypeCode Sync="TRUE">1</exTypeCode></nativeExtBox></itemProps><coordRef><type Sync="TRUE">Projected</type><geogcsn Sync="TRUE">GCS_North_American_1983</geogcsn><csUnits Sync="TRUE">Linear Unit: Meter (1.000000)</csUnits><projcsn Sync="TRUE">NAD_1983_UTM_Zone_15N</projcsn><peXml Sync="TRUE">&lt;ProjectedCoordinateSystem xsi:type='typens:ProjectedCoordinateSystem' xmlns:xsi='http://www.w3.org/2001/XMLSchema-instance' xmlns:xs='http://www.w3.org/2001/XMLSchema' xmlns:typens='http://www.esri.com/schemas/ArcGIS/10.5'&gt;&lt;WKT&gt;PROJCS[&amp;quot;NAD_1983_UTM_Zone_15N&amp;quot;,GEOGCS[&amp;quot;GCS_North_American_1983&amp;quot;,DATUM[&amp;quot;D_North_American_1983&amp;quot;,SPHEROID[&amp;quot;GRS_1980&amp;quot;,6378137.0,298.257222101]],PRIMEM[&amp;quot;Greenwich&amp;quot;,0.0],UNIT[&amp;quot;Degree&amp;quot;,0.0174532925199433]],PROJECTION[&amp;quot;Transverse_Mercator&amp;quot;],PARAMETER[&amp;quot;False_Easting&amp;quot;,500000.0],PARAMETER[&amp;quot;False_Northing&amp;quot;,0.0],PARAMETER[&amp;quot;Central_Meridian&amp;quot;,-93.0],PARAMETER[&amp;quot;Scale_Factor&amp;quot;,0.9996],PARAMETER[&amp;quot;Latitude_Of_Origin&amp;quot;,0.0],UNIT[&amp;quot;Meter&amp;quot;,1.0],AUTHORITY[&amp;quot;EPSG&amp;quot;,26915]]&lt;/WKT&gt;&lt;XOrigin&gt;-5120900&lt;/XOrigin&gt;&lt;YOrigin&gt;-9998100&lt;/YOrigin&gt;&lt;XYScale&gt;450445547.3910538&lt;/XYScale&gt;&lt;ZOrigin&gt;-100000&lt;/ZOrigin&gt;&lt;ZScale&gt;10000&lt;/ZScale&gt;&lt;MOrigin&gt;-100000&lt;/MOrigin&gt;&lt;MScale&gt;10000&lt;/MScale&gt;&lt;XYTolerance&gt;0.001&lt;/XYTolerance&gt;&lt;ZTolerance&gt;0.001&lt;/ZTolerance&gt;&lt;MTolerance&gt;0.001&lt;/MTolerance&gt;&lt;HighPrecision&gt;true&lt;/HighPrecision&gt;&lt;WKID&gt;26915&lt;/WKID&gt;&lt;LatestWKID&gt;26915&lt;/LatestWKID&gt;&lt;/ProjectedCoordinateSystem&gt;</peXml></coordRef><lineage><Process ToolSource="c:\program files (x86)\arcgis\desktop10.5\ArcToolbox\Toolboxes\Data Management Tools.tbx\PolygonToLine" Date="20180321" Time="105811" Name="" export="">PolygonToLine D:\Library\border\iowa_border.shp D:\Library\border\iowa_border_Line.shp IDENTIFY_NEIGHBORS</Process><Process ToolSource="c:\program files (x86)\arcgis\desktop10.5\ArcToolbox\Toolboxes\Data Management Tools.tbx\FeatureToPolygon" Date="20180321" Time="124206" Name="" export="">FeatureToPolygon D:\Library\border\border.gdb\boder\iowa_border_Line D:\Library\border\iowa_border_new.shp # NO_ATTRIBUTES #</Process></lineage></DataProperties><scaleRange><minScale>150000000</minScale><maxScale>5000</maxScale></scaleRange><ArcGISFormat>1.0</ArcGISFormat><ArcGISProfile>NAP</ArcGISProfile></Esri><idinfo><citation><citeinfo><onlink>ftp://ftp.igsb.uiowa.edu/gis_library/IA_State/Admin_Political_Boundary/iowa_border.zip</onlink><origin>James D. Giglierano and Madhukar Mohan</origin><pubdate>1990-11-01</pubdate><title>Boundary of the State of Iowa</title><ftname Sync="TRUE">iowa_border</ftname><geoform Sync="TRUE">vector digital data</geoform><onlink>http://www.igsb.uiowa.edu/nrgislibx/</onlink><edition>9/02/2003</edition></citeinfo></citation><native Sync="TRUE">Microsoft Windows 2000 Version 5.0 (Build 2195) Service Pack 4; ESRI ArcCatalog 9.0.0.535</native><descript><langdata Sync="TRUE">en</langdata><abstract>This coverage contains polygons representing the Iowa Boundary, it was derived from a coverage of county boundaries, called COUNTIES, of the state of Iowa. COUNTIES was developed from a set of 99 individual coverages of the Public Land Survey System (PLSS) for each county in the state. The PLSS coverages were digitized from paper copies of 7.5' topographic quadrangle maps.  River boundaries were also digitized from 7.5' maps.

This version has corrected the Missouri River boundary line with the 1943 Compact Line.</abstract><purpose>This digital, geographically referenced data set was developed by the Iowa Department of Natural Resources to carry out agency responsibilities related to management, protection, and development of Iowa's natural resources.</purpose></descript><timeperd><current>ground condition</current><timeinfo><sngdate><caldate>1991</caldate></sngdate></timeinfo></timeperd><status><progress>Complete</progress><update>None planned</update></status><spdom><bounding><westbc Sync="TRUE">-96.684901</westbc><eastbc Sync="TRUE">-90.069432</eastbc><northbc Sync="TRUE">43.557018</northbc><southbc Sync="TRUE">40.332776</southbc></bounding><lboundng><leftbc Sync="TRUE">202073.808723</leftbc><rightbc Sync="TRUE">736849.210393</rightbc><bottombc Sync="TRUE">4470598.397186</bottombc><topbc Sync="TRUE">4822673.786539</topbc></lboundng></spdom><keywords><theme><themekt>None</themekt><themekey>Boundary</themekey></theme><place><placekey>Iowa</placekey></place></keywords><accconst>None</accconst><useconst>None</useconst><natvform Sync="TRUE">Shapefile</natvform><ptcontac><cntinfo><cntvoice>319-335-1575</cntvoice><cntemail>jgiglierano@igsb.uiowa.edu</cntemail><cntperp><cntper>Jim Giglierano</cntper><cntorg>Iowa Department of Natural Resources - Iowa Geological Survey</cntorg></cntperp><cntaddr><addrtype>mailing and physical address</addrtype><address>109 Trowbridge Hall</address><city>Iowa City </city><state>IA</state><postal>52240</postal></cntaddr></cntinfo></ptcontac></idinfo><distInfo xmlns=""><distributor xmlns=""><distorFormat xmlns=""><formatName Sync="TRUE">Shapefile</formatName><formatVer>ArcGIS 10.5</formatVer></distorFormat></distributor><distTranOps xmlns=""><transSize Sync="TRUE">0.202</transSize><onLineSrc xmlns=""><linkage>https://geodata.iowa.gov/dataset/boundary-of-the-state-of-iowa</linkage><orFunct><OnFunctCd value="001"></OnFunctCd></orFunct></onLineSrc></distTranOps></distInfo><dataqual><lineage><srcinfo><srcscale>24,000</srcscale><typesrc>paper</typesrc><srccitea>Paper copies of 7.5' topographic quadrangle maps</srccitea></srcinfo></lineage><posacc><horizpa><horizpar>Based on NMAS accuracy standards for USGS 1:24,000 scale maps, digitizer resolution, ARC/INFO fuzzy tolerances, and estimated operator error, the positional accuracy of this coverage is estimated to be around 22 meters. Positional error was estimated using a root-sum-squared error calculation.</horizpar></horizpa></posacc></dataqual><dataIdInfo><envirDesc Sync="TRUE">Microsoft Windows 7 Version 6.1 (Build 7601) Service Pack 1; Esri ArcGIS 10.5.0.6491</envirDesc><dataLang><languageCode Sync="TRUE" value="eng"/><countryCode value="USA" Sync="TRUE"/></dataLang><idCitation xmlns=""><resTitle Sync="FALSE">Boundary of the State of Iowa</resTitle><presForm xmlns=""><PresFormCd Sync="TRUE" value="005"/></presForm><date><createDate>1990-11-01</createDate><pubDate>2003-09-02</pubDate><reviseDate>2018-03-23</reviseDate></date><resEd>20180323</resEd><resEdDate>20180323</resEdDate></idCitation><spatRpType><SpatRepTypCd Sync="TRUE" value="001"/></spatRpType><dataExt xmlns=""><geoEle xmlns=""><GeoBndBox esriExtentType="native"><westBL Sync="TRUE">202073.808723</westBL><eastBL Sync="TRUE">736849.210393</eastBL><northBL Sync="TRUE">4822673.786539</northBL><southBL Sync="TRUE">4470598.397186</southBL><exTypeCode Sync="TRUE">1</exTypeCode></GeoBndBox></geoEle></dataExt><geoBox esriExtentType="decdegrees"><westBL Sync="TRUE">-96.684901</westBL><eastBL Sync="TRUE">-90.069432</eastBL><northBL Sync="TRUE">43.557018</northBL><southBL Sync="TRUE">40.332776</southBL><exTypeCode Sync="TRUE">1</exTypeCode></geoBox><dataExt xmlns=""><geoEle xmlns=""><GeoBndBox esriExtentType="search"><exTypeCode Sync="TRUE">1</exTypeCode><westBL Sync="TRUE">-96.684901</westBL><eastBL Sync="TRUE">-90.069432</eastBL><northBL Sync="TRUE">43.557019</northBL><southBL Sync="TRUE">40.332776</southBL></GeoBndBox></geoEle></dataExt><idPurp>This digital, geographically referenced data set was developed by the Iowa Department of Natural Resources to carry out agency responsibilities related to management, protection, and development of Iowa's natural resources.</idPurp><idAbs>This coverage contains polygons representing the Iowa Boundary, it was derived from a coverage of county boundaries, called COUNTIES, of the state of Iowa. COUNTIES was developed from a set of 99 individual coverages of the Public Land Survey System (PLSS) for each county in the state. The PLSS coverages were digitized from paper copies of 7.5' topographic quadrangle maps.  River boundaries were also digitized from 7.5' maps.

This version has corrected the Missouri River boundary line with the 1943 Compact Line.</idAbs><resConst><Consts xmlns=""><useLimit>There are no Use Limitations of this data.</useLimit></Consts></resConst><placeKeys xmlns=""><thesaName xmlns=""><resTitle>EPA Place Names</resTitle><date><pubDate>2015-01-31</pubDate></date><citOnlineRes xmlns=""><linkage>https://ofmpub.epa.gov/sor_internet/registry/termreg/searchandretrieve/taxonomies/search.do?search=&amp;searchString=&amp;taxonomyName=WBT%20-%20Geographic%20Locations</linkage><orFunct><OnFunctCd value="002"></OnFunctCd></orFunct><orName>Web Taxonomy - Geographic Locations</orName></citOnlineRes></thesaName><thesaLang><languageCode value="eng"></languageCode><countryCode value="US"></countryCode></thesaLang><keyword>Iowa</keyword></placeKeys><idPoC xmlns=""><rpIndName>Iowa Geodata</rpIndName><rpOrgName>State of Iowa</rpOrgName><role><RoleCd value="002"></RoleCd></role></idPoC><idPoC xmlns=""><editorSource>My Contacts</editorSource><editorDigest>b6581095e00f3d1e289d16c16eee1c2</editorDigest><rpIndName>Casey Kohrt</rpIndName><rpOrgName>Iowa Department of Natural Resources</rpOrgName><rpPosName>Geospatial Administrator</rpPosName><rpCntInfo xmlns=""><cntAddress addressType="both"><delPoint>300 Trowbridge Hall</delPoint><city>Iowa City </city><adminArea>IA</adminArea><postCode>52242</postCode><eMailAdd>casey.kohrt@dnr.iowa.gov</eMailAdd><country>US</country></cntAddress><cntPhone><voiceNum tddtty="">319-335-1353</voiceNum></cntPhone></rpCntInfo><editorSave>True</editorSave><displayName>[My Contacts]   Casey Kohrt</displayName><role><RoleCd value="010"></RoleCd></role></idPoC><resMaint xmlns=""><maintFreq><MaintFreqCd value="009"></MaintFreqCd></maintFreq></resMaint><tpCat><TopicCatCd value="003"/></tpCat></dataIdInfo><metainfo><langmeta Sync="TRUE">en</langmeta><metstdn Sync="TRUE">FGDC Content Standards for Digital Geospatial Metadata</metstdn><metstdv Sync="TRUE">FGDC-STD-001-1998</metstdv><mettc Sync="TRUE">local time</mettc><metc><cntinfo><cntorgp><cntper>Casey Kohrt</cntper><cntorg>Iowa Department of Natural Resources - Iowa Geological Survey</cntorg></cntorgp><cntaddr><addrtype>mailing and physical address</addrtype><city>Iowa City</city><state>Iowa</state><postal>52240</postal></cntaddr><cntvoice>319-335-1353</cntvoice></cntinfo></metc><metd Sync="TRUE">20050121</metd><metac>none</metac><metuc>none</metuc></metainfo><mdLang><languageCode Sync="TRUE" value="eng"/><countryCode value="USA" Sync="TRUE"/></mdLang><mdStanName Sync="TRUE">ISO 19115 Geographic Information - Metadata</mdStanName><mdStanVer Sync="TRUE">DIS_ESRI1.0</mdStanVer><mdChar><CharSetCd Sync="TRUE" value="004"/></mdChar><mdHrLv><ScopeCd Sync="TRUE" value="005"/></mdHrLv><mdHrLvName Sync="TRUE">dataset</mdHrLvName><distinfo><resdesc Sync="TRUE">Downloadable Data</resdesc><stdorder><digform><digtinfo><transize Sync="TRUE">0.215</transize><dssize Sync="TRUE">0.215</dssize></digtinfo><digtopt><onlinopt><computer><networka><networkr>ftp://ftp.igsb.uiowa.edu/gis_library/IA_State/Admin_Political_Boundary/iowa_border.zip</networkr><networkr>http://www.igsb.uiowa.edu/nrgislibx/</networkr></networka></computer></onlinopt></digtopt></digform></stdorder><distrib><cntinfo><cntorgp><cntorg>Iowa DNR - Iowa Geological Survey</cntorg><cntper>Casey Kohrt</cntper></cntorgp><cntaddr><addrtype>mailing and physical address</addrtype><address>109 Trowbridge Hall</address><city>Iowa City</city><state>Iowa</state><postal>52240</postal></cntaddr><cntvoice>319-335-1353</cntvoice><cnttdd>319-</cnttdd><cntemail>gis_library@igsb.uiowa.edu</cntemail></cntinfo></distrib><distliab>This digital, geographically referenced data set was developed by the Iowa Department of Natural Resources to carry out agency responsibilities related to management, protection, and development of Iowa's natural resources. It resides in the Natural Resources Geographic Information System library. Although efforts have been made to make it useful to the Department, the Department assumes no responsibility for errors in the information. Similarly the Department assumes no responsibility for the consequences of inappropriate uses or interpretations of the data made by anyone to whom this data has been made available. The Department bears no responsibility to inform users of any changes made to this data. Anyone using this data is advised that precision implied by the coverage may far exceed actual precision. Comments on this data are invited and the Department would appreciate that documented errors be brought to staff attention. The development of the coverages in the NRGIS Library represents a major investment of staff time and effort. As a professional responsibility, we expect that the Iowa DNR will receive proper credit when you utilize these GIS coverages and that the original documentation will remain with any redistribution of these coverages. </distliab></distinfo><spdoinfo><direct Sync="TRUE">Vector</direct><ptvctinf><esriterm Name="iowa_border"><efeatyp Sync="TRUE">Simple</efeatyp><efeageom code="4" Sync="TRUE"/><esritopo Sync="TRUE">FALSE</esritopo><efeacnt Sync="TRUE">1</efeacnt><spindex Sync="TRUE">TRUE</spindex><linrefer Sync="TRUE">FALSE</linrefer></esriterm></ptvctinf></spdoinfo><spref><horizsys><cordsysn><geogcsn Sync="TRUE">GCS_North_American_1983</geogcsn><projcsn Sync="TRUE">NAD_1983_UTM_Zone_15N</projcsn></cordsysn><planar><planci><plance Sync="TRUE">coordinate pair</plance><plandu Sync="TRUE">meters</plandu><coordrep><absres Sync="TRUE">0.001024</absres><ordres Sync="TRUE">0.001024</ordres></coordrep></planci></planar><geodetic><horizdn Sync="TRUE">North American Datum of 1983</horizdn><ellips Sync="TRUE">Geodetic Reference System 80</ellips><semiaxis Sync="TRUE">6378137.000000</semiaxis><denflat Sync="TRUE">298.257222</denflat></geodetic></horizsys></spref><refSysInfo><RefSystem><refSysID><identCode Sync="TRUE" code="26915">NAD_1983_UTM_Zone_15N</identCode><idCodeSpace Sync="TRUE">EPSG</idCodeSpace><idVersion Sync="TRUE">6.13(3.0.1)</idVersion></refSysID></RefSystem></refSysInfo><spatRepInfo><VectSpatRep><geometObjs Name="iowa_border"><geoObjTyp><GeoObjTypCd value="002" Sync="TRUE"/></geoObjTyp><geoObjCnt Sync="TRUE">1</geoObjCnt></geometObjs><topLvl><TopoLevCd value="001" Sync="TRUE"/></topLvl></VectSpatRep></spatRepInfo><eainfo><detailed Name="iowa_border" xmlns=""><enttyp><enttypl Sync="TRUE">iowa_border</enttypl><enttypt Sync="TRUE">Feature Class</enttypt><enttypc Sync="TRUE">1</enttypc></enttyp><attr xmlns=""><attrlabl Sync="TRUE">FID</attrlabl><attalias Sync="TRUE">FID</attalias><attrtype Sync="TRUE">OID</attrtype><attwidth Sync="TRUE">4</attwidth><atprecis Sync="TRUE">0</atprecis><attscale Sync="TRUE">0</attscale><attrdef Sync="TRUE">Internal feature number.</attrdef><attrdefs Sync="TRUE">Esri</attrdefs><attrdomv><udom Sync="TRUE">Sequential unique whole numbers that are automatically generated.</udom></attrdomv></attr><attr xmlns=""><attrlabl Sync="TRUE">Shape</attrlabl><attalias Sync="TRUE">Shape</attalias><attrtype Sync="TRUE">Geometry</attrtype><attwidth Sync="TRUE">0</attwidth><atprecis Sync="TRUE">0</atprecis><attscale Sync="TRUE">0</attscale><attrdef Sync="TRUE">Feature geometry.</attrdef><attrdefs Sync="TRUE">ESRI</attrdefs><attrdomv><udom Sync="TRUE">Coordinates defining the features.</udom></attrdomv></attr><attr xmlns=""><attrlabl Sync="TRUE">Id</attrlabl><attalias Sync="TRUE">Id</attalias><attrtype Sync="TRUE">Integer</attrtype><attwidth Sync="TRUE">6</attwidth><atprecis Sync="TRUE">6</atprecis><attscale Sync="TRUE">0</attscale></attr></detailed></eainfo><mdDateSt Sync="FALSE">2018-03-23</mdDateSt><mdFileID>3B7BAB79-C1C6-4F23-8F46-1B730CD8DDF8</mdFileID><mdContact xmlns=""><editorSource>My Contacts</editorSource><editorDigest>b6581095e00f3d1e289d16c16eee1c2</editorDigest><rpIndName>Casey Kohrt</rpIndName><rpOrgName>Iowa Department of Natural Resources</rpOrgName><rpPosName>Geospatial Administrator</rpPosName><rpCntInfo><cntAddress addressType="both"><delPoint>300 Trowbridge Hall</delPoint><city>Iowa City </city><adminArea>IA</adminArea><postCode>52242</postCode><eMailAdd>casey.kohrt@dnr.iowa.gov</eMailAdd><country>US</country></cntAddress><cntPhone><voiceNum tddtty="">319-335-1353</voiceNum></cntPhone></rpCntInfo><editorSave>True</editorSave><displayName>[My Contacts]   Casey Kohrt</displayName><role><RoleCd value="007"></RoleCd></role></mdContact></metadata>
